VOA_EN_NW_2017_06_27_3918160_1:9-14	Yemeni	Region108630985	0.9573341608047485
VOA_EN_NW_2017_06_27_3918160_1:55-58	U . S .	Region108630985	0.20249754190444946
VOA_EN_NW_2017_06_27_3918160_1:88-92	Trump	Politician110451263	0.49436891078948975
VOA_EN_NW_2017_06_27_3918160_1:261-299	Washington Dulles International Airport	Airport102692232	0.9933061003684998
VOA_EN_NW_2017_06_27_3918160_1:304-312	Chantilly	Region108630985	0.9888032078742981
VOA_EN_NW_2017_06_27_3918160_1:315-322	Virginia	Region108630985	0.9668505191802979
VOA_EN_NW_2017_02_16_3727822_2:0-2	U . S	Minister110320863	0.2141917198896408
VOA_EN_NW_2017_02_16_3727822_2:18-22	State	Region108630985	0.6044294834136963
VOA_EN_NW_2017_02_16_3727822_2:24-36	Rex Tillerson	Minister110320863	0.43069157004356384
VOA_EN_NW_2017_02_16_3727822_2:45-50	Russia	Country108544813	0.9766817092895508
VOA_EN_NW_2017_02_16_3727822_2:54-60	Foreign	Minister110320863	0.46547624468803406
VOA_EN_NW_2017_02_16_3727822_2:71-83	Sergei Lavrov	Minister110320863	0.6886748671531677
VOA_EN_NW_2017_02_16_3727822_2:143-165	World Conference Center	Structure104341686	0.8368847370147705
VOA_EN_NW_2017_02_16_3727822_2:171-174	Bonn	Region108630985	0.9919382929801941
VOA_EN_NW_2017_02_16_3727822_2:177-183	Germany	Country108544813	0.9748796224594116
VOA_EN_NW_2017_02_16_3727822_2:222-225	G - 20	Aircraft102686568	0.12967458367347717
VOA_EN_NW_2017_05_22_3864914_0:35-46	Donald Trump	Politician110451263	0.7836678624153137
VOA_EN_NW_2017_05_22_3864914_0:49-49	L	Politician110451263	0.2385871261358261
VOA_EN_NW_2017_05_22_3864914_0:84-92	Charlotte	Region108630985	0.9948617815971375
VOA_EN_NW_2017_05_22_3864914_0:95-108	North Carolina	Region108630985	0.9646232724189758
VOA_EN_NW_2017_05_22_3864914_0:130-141	Pope Francis	Serviceman110582746	0.41614148020744324
VOA_EN_NW_2017_05_22_3864914_0:195-214	Saint Peter ' s Square	Region108630985	0.6718097925186157
VOA_EN_NW_2017_06_14_3900403_0:21-27	Zambian	Region108630985	0.9341266751289368
VOA_EN_NW_2017_06_14_3900403_0:39-49	Edgar Lungu	Minister110320863	0.6742262840270996
VOA_EN_NW_2017_06_14_3900403_0:77-82	Zambia	Region108630985	0.967975914478302
VOA_EN_NW_2017_06_14_3900403_0:105-122	Hakainde Hichilema	Party108256968	0.9191914200782776
VOA_EN_NW_2017_06_14_3900403_0:142-160	Democratic Alliance	Party108256968	0.9986746311187744
VOA_EN_NW_2017_06_14_3900403_0:163-164	DA	Party108256968	0.8618125915527344
VOA_EN_NW_2017_06_14_3900403_0:187-211	High Commission of Zambia	Agency108337324	0.20824921131134033
VOA_EN_NW_2017_06_14_3900403_0:217-224	Pretoria	Region108630985	0.9926581978797913
VOA_EN_NW_2017_06_14_3900403_0:227-238	South Africa	Region108630985	0.7317231297492981
VOA_EN_NW_2017_01_15_3677179_0:68-83	Step News Agency	NewsAgency108355075	0.9935455918312073
VOA_EN_NW_2017_01_15_3677179_0:123-124	AP	NewsAgency108355075	0.9933841824531555
VOA_EN_NW_2017_01_15_3677179_0:197-207	Deir Qanoun	Region108630985	0.9677441120147705
VOA_EN_NW_2017_01_15_3677179_0:210-222	Barada Valley	Region108630985	0.9166138768196106
VOA_EN_NW_2017_01_15_3677179_0:225-229	Syria	Region108630985	0.9779893755912781
VOA_EN_NW_2017_05_05_3839132_0:149-159	Dvortsovaya	Region108630985	0.7371676564216614
VOA_EN_NW_2017_05_05_3839132_0:162-175	Palace ) Square	Region108630985	0.7732059955596924
VOA_EN_NW_2017_05_05_3839132_0:180-193	St . Petersburg	Region108630985	0.9923202395439148
VOA_EN_NW_2017_05_05_3839132_0:196-201	Russia	Region108630985	0.987250566482544
VOA_EN_NW_2017_06_16_3903412_4:0-10	Helmut Kohl	Minister110320863	0.5352898240089417
VOA_EN_NW_2017_06_16_3903412_4:20-25	German	Country108544813	0.9848864674568176
VOA_EN_NW_2017_06_16_3903412_4:184-189	Berlin	Region108630985	0.9905457496643066
VOA_EN_NW_2017_03_21_3775203_0:285-290	Jigsaw	Scientist110560637	0.3529600501060486
VOA_EN_NW_2017_03_21_3775203_0:311-316	Google	Enterprise108056231	0.8050124645233154
VOA_EN_NW_2017_03_21_3775203_0:333-344	Alphabet Inc	Enterprise108056231	0.9223395586013794
VOA_EN_NW_2017_07_16_3946130_0:7-15	Singapore	Region108630985	0.9847961664199829
VOA_EN_NW_2017_07_16_3946130_0:34-48	Lee Hsien Loong	Minister110320863	0.8990377187728882
VOA_EN_NW_2017_07_16_3946130_0:186-194	Singapore	Region108630985	0.9944944977760315
VOA_EN_NW_2017_07_16_3946130_0:200-205	Brunei	Region108630985	0.9829864501953125
VOA_EN_NW_2017_07_16_3946130_0:214-219	Istana	Structure104341686	0.6163673400878906
VOA_EN_NW_2017_07_16_3946130_0:239-247	Singapore	Region108630985	0.9960293769836426
VOA_EN_NW_2017_06_16_3903412_3:5-10	German	Country108544813	0.9796442985534668
VOA_EN_NW_2017_06_16_3903412_3:23-33	Helmut Kohl	Serviceman110582746	0.9165036678314209
VOA_EN_NW_2017_06_16_3903412_3:54-59	German	Country108544813	0.9665975570678711
VOA_EN_NW_2017_06_16_3903412_3:61-69	Air Force	MilitaryUnit108198398	0.9886378645896912
VOA_EN_NW_2017_06_16_3903412_3:79-96	Johannes Steinhoff	Serviceman110582746	0.9416417479515076
VOA_EN_NW_2017_06_16_3903412_3:99-101	frt	Serviceman110582746	0.7356030344963074
VOA_EN_NW_2017_06_16_3903412_3:125-137	Ronald Reagan	Serviceman110582746	0.9633890390396118
VOA_EN_NW_2017_06_16_3903412_3:162-164	U . S	Serviceman110582746	0.5709704160690308
VOA_EN_NW_2017_06_16_3903412_3:175-189	Matthew Ridgway	Serviceman110582746	0.9227418303489685
VOA_EN_NW_2017_06_16_3903412_3:203-208	German	Country108544813	0.9867298603057861
VOA_EN_NW_2017_06_16_3903412_3:231-237	Bitburg	Region108630985	0.9312772154808044
VOA_EN_NW_2017_03_03_3748103_0:7-13	Russian	Country108544813	0.9841158986091614
VOA_EN_NW_2017_03_03_3748103_0:30-44	Dmitry Medvedev	Minister110320863	0.6108536124229431
VOA_EN_NW_2017_03_03_3748103_0:65-78	Sergey Kislyak	Minister110320863	0.6039713621139526
VOA_EN_NW_2017_03_03_3748103_0:81-87	Russian	Country108544813	0.9899249076843262
VOA_EN_NW_2017_03_03_3748103_0:107-109	U . S	Alliance108293982	0.15404000878334045
VOA_EN_NW_2017_03_03_3748103_0:135-136	G8	Alliance108293982	0.9890637993812561
VOA_EN_NW_2017_03_03_3748103_0:148-175	Dulles International Airport	Airport102692232	0.9984139204025269
VOA_EN_NW_2017_03_03_3748103_0:180-188	Chantilly	Region108630985	0.9785934686660767
VOA_EN_NW_2017_03_03_3748103_0:191-192	Va	Region108630985	0.9197177886962891
VOA_EN_NW_2017_02_14_3723889_0:42-49	Bahraini	Region108630985	0.8817384243011475
VOA_EN_NW_2017_02_14_3723889_0:132-138	Bahrain	Region108630985	0.9779046773910522
VOA_EN_NW_2017_02_14_3723889_0:164-171	Al Wefaq	Minister110320863	0.5627384185791016
VOA_EN_NW_2017_02_14_3723889_0:176-190	Budaiya highway	Way104564698	0.8259484171867371
VOA_EN_NW_2017_02_14_3723889_0:200-205	Manama	Region108630985	0.9870795607566833
VOA_EN_NW_2017_03_19_3772441_0:44-49	Turkey	Region108630985	0.9914311766624451
VOA_EN_NW_2017_03_19_3772441_0:69-93	Republican People ' s Party	Party108256968	0.9967532753944397
VOA_EN_NW_2017_03_19_3772441_0:99-101	CHP	Party108256968	0.9623476266860962
VOA_EN_NW_2017_03_19_3772441_0:186-193	Istanbul	Region108630985	0.9857532978057861
VOA_EN_NW_2017_06_27_3918160_0:0-3	Iran	Country108544813	0.9735063910484314
VOA_EN_NW_2017_06_27_3918160_0:24-43	Mohammad Javad Zarif	Minister110320863	0.905748724937439
VOA_EN_NW_2017_06_27_3918160_0:60-65	German	Country108544813	0.982322633266449
VOA_EN_NW_2017_06_27_3918160_0:80-93	Sigmar Gabriel	Minister110320863	0.7313198447227478
VOA_EN_NW_2017_06_27_3918160_0:142-155	Foreign Affair	Structure104341686	0.4309835135936737
VOA_EN_NW_2017_06_27_3918160_0:169-174	Berlin	Region108630985	0.9968591928482056
VOA_EN_NW_2017_06_27_3918160_0:177-183	Germany	Region108630985	0.9831768274307251
VOA_EN_NW_2017_03_23_3778372_1:111-136	Chesed Shel Emeth Cemetery	Region108630985	0.6364467144012451
VOA_EN_NW_2017_03_23_3778372_1:141-155	University City	Region108630985	0.9635976552963257
VOA_EN_NW_2017_03_23_3778372_1:170-177	St Louis	Region108630985	0.9865452647209167
VOA_EN_NW_2017_03_23_3778372_1:180-187	Missouri	Region108630985	0.9836196303367615
VOA_EN_NW_2017_03_31_3791397_2:66-73	Belgrade	Region108630985	0.9915130734443665
VOA_EN_NW_2017_03_31_3791397_2:76-81	Serbia	Country108544813	0.9912172555923462
VOA_EN_NW_2017_06_14_3900062_1:7-21	Louis Singleton	Serviceman110582746	0.2344314157962799
VOA_EN_NW_2017_06_14_3900062_1:81-103	Michigan National Guard	MilitaryUnit108198398	0.678932785987854
VOA_EN_NW_2017_06_14_3900062_1:116-125	Joe Weaver	Serviceman110582746	0.27487459778785706
VOA_EN_NW_2017_06_14_3900062_1:198-202	Flint	Region108630985	0.975143313407898
VOA_EN_NW_2017_06_14_3900062_1:205-208	Mich	Region108630985	0.9496073126792908
VOA_EN_NW_2017_04_17_3814268_1:0-5	Turkey	Region108630985	0.9622408747673035
VOA_EN_NW_2017_04_17_3814268_1:19-38	Recep Tayyip Erdogan	Minister110320863	0.877848207950592
VOA_EN_NW_2017_04_17_3814268_1:53-65	Emine Erdogan	Minister110320863	0.7561673521995544
VOA_EN_NW_2017_04_17_3814268_1:181-188	Istanbul	Region108630985	0.9944328665733337
VOA_EN_NW_2017_06_19_3907026_0:9-11	U . S	MilitaryUnit108198398	0.7931393384933472
VOA_EN_NW_2017_06_19_3907026_0:14-17	Navy	MilitaryUnit108198398	0.994741678237915
VOA_EN_NW_2017_06_19_3907026_0:19-25	F / A - 18E	Aircraft102686568	0.9022697806358337
VOA_EN_NW_2017_06_19_3907026_0:27-38	Super Hornet	Aircraft102686568	0.9001248478889465
VOA_EN_NW_2017_06_19_3907026_0:94-117	USS Dwight D . Eisenhower	Vessel104530566	0.9801433682441711
VOA_EN_NW_2017_06_19_3907026_0:126-142	Mediterranean Sea	Land109334396	0.442340224981308
VOA_EN_NW_2017_03_28_3785704_1:0-5	Jordan	Ruler110541229	0.5512683987617493
VOA_EN_NW_2017_03_28_3785704_1:14-24	Abdullah II	Ruler110541229	0.9663577675819397
VOA_EN_NW_2017_03_28_3785704_1:42-46	Sudan	Region108630985	0.9749922156333923
VOA_EN_NW_2017_03_28_3785704_1:60-73	Omar al - Bashir	Ruler110541229	0.4017447531223297
VOA_EN_NW_2017_03_28_3785704_1:102-133	Queen Alia International Airport	Airport102692232	0.9936830997467041
VOA_EN_NW_2017_03_28_3785704_1:138-142	Amman	Region108630985	0.9905163645744324
VOA_EN_NW_2017_03_28_3785704_1:145-150	Jordan	Region108630985	0.9601690173149109
VOA_EN_NW_2017_03_29_3786911_1:69-79	Arab League	Alliance108293982	0.9538184404373169
VOA_EN_NW_2017_03_29_3786911_1:136-143	Dead Sea	Region108630985	0.6928497552871704
VOA_EN_NW_2017_03_29_3786911_1:148-153	Jordan	Region108630985	0.9532578587532043
VOA_EN_NW_2017_03_28_3785704_0:35-46	Saudi Arabia	Country108544813	0.9812115430831909
VOA_EN_NW_2017_03_28_3785704_0:55-60	Salman	Ruler110541229	0.8664708733558655
VOA_EN_NW_2017_03_28_3785704_0:135-139	Amman	Region108630985	0.9890239238739014
VOA_EN_NW_2017_03_28_3785704_0:142-147	Jordan	Region108630985	0.9446211457252502
VOA_EN_NW_2017_06_14_3900062_0:138-140	U . S	Agency108337324	0.12755529582500458
VOA_EN_NW_2017_06_14_3900062_0:197-201	Flint	Region108630985	0.776238739490509
VOA_EN_NW_2017_04_21_3820641_2:7-12	Turkey	Region108630985	0.9828201532363892
VOA_EN_NW_2017_04_21_3820641_2:26-45	Recep Tayyip Erdogan	Minister110320863	0.84839928150177
VOA_EN_NW_2017_04_21_3820641_2:120-138	Presidential Palace	Structure104341686	0.8704546689987183
VOA_EN_NW_2017_04_21_3820641_2:144-149	Ankara	Region108630985	0.9957727789878845
VOA_EN_NW_2017_04_21_3820641_2:152-157	Turkey	Region108630985	0.9932510256767273
VOA_EN_NW_2017_03_23_3778372_0:2-6	Trump	Politician110451263	0.6140315532684326
VOA_EN_NW_2017_03_23_3778372_0:24-26	Bob	Politician110451263	0.4326995611190796
VOA_EN_NW_2017_03_23_3778372_0:149-160	Philadelphia	Region108630985	0.9798154830932617
VOA_EN_NW_2017_03_27_3783363_0:7-17	White House	Building102913152	0.9574432969093323
VOA_EN_NW_2017_03_27_3783363_0:34-46	Jared Kushner	Serviceman110582746	0.41535767912864685
VOA_EN_NW_2017_03_27_3783363_0:77-88	Donald Trump	Politician110451263	0.8545363545417786
VOA_EN_NW_2017_03_27_3783363_0:144-157	Roosevelt Room	Structure104341686	0.9797614812850952
VOA_EN_NW_2017_03_27_3783363_0:166-176	White House	Building102913152	0.9813821315765381
VOA_EN_NW_2017_03_27_3783363_0:181-190	Washington	Region108630985	0.9619178771972656
VOA_EN_NW_2017_06_22_3911111_0:103-115	Riyan airport	Airport102692232	0.9575653672218323
VOA_EN_NW_2017_06_22_3911111_0:124-129	Yemeni	Region108630985	0.9787452220916748
VOA_EN_NW_2017_06_22_3911111_0:139-145	Mukalla	Region108630985	0.9848040342330933
VOA_EN_NW_2017_01_06_3666451_0:10-15	French	Country108544813	0.9903197884559631
VOA_EN_NW_2017_01_06_3666451_0:40-52	Marine Le Pen	Politician110451263	0.48643678426742554
VOA_EN_NW_2017_01_06_3666451_0:72-74	U . S	Politician110451263	0.22863152623176575
VOA_EN_NW_2017_01_06_3666451_0:93-104	Donald Trump	Politician110451263	0.9498091340065002
VOA_EN_NW_2017_01_06_3666451_0:167-172	France	Region108630985	0.9931160807609558
VOA_EN_NW_2017_01_25_3691253_1:0-14	Mtisunge Mhango	Scientist110560637	0.36932775378227234
VOA_EN_NW_2017_01_25_3691253_1:49-62	Nicola Desmond	Scientist110560637	0.5850552916526794
VOA_EN_NW_2017_01_25_3691253_1:81-110	Malawi - Liverpool Welcome Trust	Structure104341686	0.5175440907478333
VOA_EN_NW_2017_05_06_3840818_0:7-14	Nepalese	Region108630985	0.9560037851333618
VOA_EN_NW_2017_05_06_3840818_0:33-52	Min Bahadur Sherchan	Ruler110541229	0.3694165349006653
VOA_EN_NW_2017_05_06_3840818_0:126-134	Kathmandu	Region108630985	0.9861581325531006
VOA_EN_NW_2017_05_06_3840818_0:137-141	Nepal	Region108630985	0.9861628413200378
VOA_EN_NW_2017_05_17_3855016_0:66-71	cancer	IllHealth114052046	0.9727383852005005
VOA_EN_NW_2017_05_17_3855016_0:76-112	Southern New Hampshire Medical Center	Structure104341686	0.6914995908737183
VOA_EN_NW_2017_05_17_3855016_0:117-122	Nashua	Region108630985	0.9966905117034912
VOA_EN_NW_2017_05_17_3855016_0:125-137	New Hampshire	Region108630985	0.9670882821083069
VOA_EN_NW_2017_05_22_3864914_3:7-18	Pope Francis	Ruler110541229	0.5357150435447693
VOA_EN_NW_2017_05_22_3864914_3:47-56	Rio Grande	Region108630985	0.9214121699333191
VOA_EN_NW_2017_05_22_3864914_3:66-70	Texas	Region108630985	0.9759975075721741
VOA_EN_NW_2017_05_22_3864914_3:82-83	US	Region108630985	0.9627582430839539
VOA_EN_NW_2017_05_22_3864914_3:85-90	Mexico	Region108630985	0.9784018397331238
VOA_EN_NW_2017_05_22_3864914_3:103-115	Cuidad Juarez	Region108630985	0.986453115940094
VOA_EN_NW_2017_05_22_3864914_3:118-123	Mexico	Region108630985	0.9798032641410828
VOA_EN_NW_2017_03_30_3789250_0:34-35	IS	MilitaryUnit108198398	0.37970754504203796
VOA_EN_NW_2017_03_30_3789250_0:123-127	Mosul	Region108630985	0.9854748249053955
VOA_EN_NW_2017_03_30_3789250_0:130-133	Iraq	Region108630985	0.9830302596092224
VOA_EN_NW_2017_05_10_3845725_0:9-17	Burundian	Region108630985	0.8915880918502808
VOA_EN_NW_2017_05_10_3845725_0:61-114	U . N . Multidimensional Integrated Stabilization Mission	Alliance108293982	0.2873077094554901
VOA_EN_NW_2017_05_10_3845725_0:123-146	Central African Republic	Region108630985	0.815463662147522
VOA_EN_NW_2017_05_10_3845725_0:149-155	MINUSCA	Region108630985	0.5143974423408508
VOA_EN_NW_2017_05_10_3845725_0:174-179	Bangui	Region108630985	0.9836239814758301
VOA_EN_NW_2017_04_11_3805653_0:110-134	Bolivarian National Guard	MilitaryUnit108198398	0.7822736501693726
VOA_EN_NW_2017_04_11_3805653_0:156-162	Caracas	Region108630985	0.9893258810043335
VOA_EN_NW_2017_06_14_3900403_2:36-53	Hakainde Hichilema	Party108256968	0.8521144390106201
VOA_EN_NW_2017_06_14_3900403_2:63-68	Zambia	Country108544813	0.9888152480125427
VOA_EN_NW_2017_06_14_3900403_2:81-117	United Party for National Development	Party108256968	0.9736374616622925
VOA_EN_NW_2017_06_14_3900403_2:150-155	Lusaka	Region108630985	0.991355836391449
VOA_EN_NW_2017_06_14_3900403_2:158-163	Zambia	Region108630985	0.9953042268753052
VOA_EN_NW_2017_03_31_3791397_1:7-13	Russian	Country108544813	0.9835082292556763
VOA_EN_NW_2017_03_31_3791397_1:25-38	Vladimir Putin	Serviceman110582746	0.7077658772468567
VOA_EN_NW_2017_03_31_3791397_1:58-64	Serbian	Country108544813	0.9791358113288879
VOA_EN_NW_2017_03_31_3791397_1:81-96	Aleksandar Vucic	Minister110320863	0.9218947291374207
VOA_EN_NW_2017_03_31_3791397_1:126-132	Kremlin	Address108491027	0.9034043550491333
VOA_EN_NW_2017_03_31_3791397_1:137-142	Moscow	Region108630985	0.9967517852783203
VOA_EN_NW_2017_03_31_3791397_1:145-150	Russia	Region108630985	0.9908299446105957
VOA_EN_NW_2017_03_21_3775203_0:83-90	Alphabet	Enterprise108056231	0.5664284229278564
VOA_EN_NW_2017_03_21_3775203_0:105-121	Nasdaq MarketSite	Structure104341686	0.800669252872467
VOA_EN_NW_2017_03_21_3775203_0:126-133	New York	Region108630985	0.975739598274231
VOA_EN_NW_2017_04_21_3820641_0:109-116	Istanbul	Region108630985	0.9959598183631897
VOA_EN_NW_2017_04_25_3824480_0:26-50	Holocaust Memorial Museum	Structure104341686	0.7525794506072998
VOA_EN_NW_2017_04_25_3824480_0:161-164	Nazi	Country108544813	0.8896846771240234
VOA_EN_NW_2017_04_03_3794587_0:0-9	Venezuelan	Region108630985	0.9395315051078796
VOA_EN_NW_2017_04_03_3794587_0:21-34	Nicolas Maduro	Politician110451263	0.9015244841575623
VOA_EN_NW_2017_04_03_3794587_0:37-37	R	Party108256968	0.6183169484138489
VOA_EN_NW_2017_04_03_3794587_0:68-84	Luisa Ortega Diaz	Politician110451263	0.7279945015907288
VOA_EN_NW_2017_04_03_3794587_0:106-115	Miraflores	Region108630985	0.9500184655189514
VOA_EN_NW_2017_04_03_3794587_0:140-146	Caracas	Region108630985	0.9933153986930847
VOA_EN_NW_2017_02_09_3715831_0:48-60	Ifo Extension	Structure104341686	0.48337802290916443
VOA_EN_NW_2017_02_09_3715831_0:78-83	Dadaab	Region108630985	0.980585515499115
VOA_EN_NW_2017_02_09_3715831_0:95-99	Kenya	Region108630985	0.987380862236023
VOA_EN_NW_2017_02_09_3715831_0:101-107	Somalia	Region108630985	0.9870198965072632
VOA_EN_NW_2017_05_22_3864914_1:17-34	St . Peter ' s Square	Street104334599	0.7089603543281555
VOA_EN_NW_2017_05_22_3864914_1:74-80	Francis	Ruler110541229	0.5924108624458313
VOA_EN_NW_2017_05_22_3864914_1:90-96	Vatican	Region108630985	0.7152696251869202
VOA_EN_NW_2017_03_30_3789319_0:118-136	Commerce Department	Agency108337324	0.9553174376487732
VOA_EN_NW_2017_01_06_3666451_0:236-237	EU	Alliance108293982	0.9993739724159241
VOA_EN_NW_2017_01_06_3666451_0:239-242	U . S .	Alliance108293982	0.63077712059021
VOA_EN_NW_2017_01_06_3666451_0:282-287	France	Country108544813	0.9943671822547913
VOA_EN_NW_2017_04_17_3814268_0:14-19	Turkey	Region108630985	0.9880546927452087
VOA_EN_NW_2017_04_17_3814268_0:33-52	Recep Tayyip Erdogan	Minister110320863	0.8567271828651428
VOA_EN_NW_2017_04_17_3814268_0:85-103	Presidential Palace	Structure104341686	0.9211151599884033
VOA_EN_NW_2017_04_17_3814268_0:109-114	Ankara	Region108630985	0.9963051080703735
VOA_EN_NW_2017_04_17_3814268_0:117-122	Turkey	Region108630985	0.993476927280426
VOA_EN_NW_2017_06_29_3921750_0:0-5	Turkey	Region108630985	0.9715964198112488
VOA_EN_NW_2017_06_29_3921750_0:40-68	Justice and Development Party	Party108256968	0.8722074627876282
VOA_EN_NW_2017_06_29_3921750_0:70-89	Recep Tayyip Erdogan	Minister110320863	0.9415398836135864
VOA_EN_NW_2017_06_29_3921750_0:122-129	Istanbul	Region108630985	0.9959638118743896
VOA_EN_NW_2017_05_25_3870543_2:64-76	North Jakarta	Region108630985	0.9658149480819702
VOA_EN_NW_2017_05_25_3870543_2:101-107	Jakarta	Region108630985	0.9953001737594604
VOA_EN_NW_2017_05_25_3870543_2:110-118	Indonesia	Country108544813	0.9891958236694336
VOA_EN_NW_2017_05_14_3851045_0:7-11	Iraqi	Region108630985	0.9523376226425171
VOA_EN_NW_2017_05_14_3851045_0:65-78	Islah al - Zarai	Region108630985	0.9283771514892578
VOA_EN_NW_2017_05_14_3851045_0:88-92	Mosul	Region108630985	0.9907744526863098
VOA_EN_NW_2017_05_14_3851045_0:95-98	Iraq	Region108630985	0.9855461120605469
VOA_EN_NW_2017_04_21_3820641_1:71-81	Aegean port	Region108630985	0.41007521748542786
VOA_EN_NW_2017_04_21_3820641_1:91-95	Izmir	Region108630985	0.9950588941574097
VOA_EN_NW_2017_04_21_3820641_1:98-103	Turkey	Region108630985	0.9923757910728455
VOA_EN_NW_2017_05_17_3854258_1:41-46	Sphinx	Structure104341686	0.486208975315094
VOA_EN_NW_2017_05_17_3854258_1:83-93	King Cheops	Ruler110541229	0.7072882652282715
VOA_EN_NW_2017_05_17_3854258_1:102-105	Giza	Region108630985	0.8576934337615967
VOA_EN_NW_2017_05_17_3854258_1:131-135	Cairo	Region108630985	0.9947984218597412
VOA_EN_NW_2017_05_17_3854258_1:138-142	Egypt	Region108630985	0.9928688406944275
VOA_EN_NW_2017_03_29_3786911_0:76-86	Arab League	Alliance108293982	0.9725095629692078
VOA_EN_NW_2017_03_29_3786911_0:95-102	Dead Sea	Region108630985	0.6176343560218811
VOA_EN_NW_2017_03_29_3786911_0:105-110	Jordan	Region108630985	0.8911528587341309
VOA_EN_NW_2017_06_30_3922738_0:7-13	Chicago	Region108630985	0.9641678333282471
VOA_EN_NW_2017_03_12_3761985_2:86-98	Mike Huckabee	Politician110451263	0.7635650634765625
VOA_EN_NW_2017_03_12_3761985_2:155-162	Columbia	Region108630985	0.9763338565826416
VOA_EN_NW_2017_03_12_3761985_2:165-167	S . C	Region108630985	0.23891665041446686
VOA_EN_NW_2017_01_16_3678023_0:20-38	Samsung Electronics	Manufacturer108060446	0.9462394714355469
VOA_EN_NW_2017_01_16_3678023_0:61-72	South Korean	Country108544813	0.9621393084526062
VOA_EN_NW_2017_01_16_3678023_0:91-95	Seoul	Region108630985	0.9946725964546204
VOA_EN_NW_2017_01_16_3678023_0:98-108	South Korea	Country108544813	0.9691212773323059
VOA_EN_NW_2017_03_10_3760351_0:0-10	US Commerce	Agency108337324	0.5025586485862732
VOA_EN_NW_2017_03_10_3760351_0:22-32	Wilbur Ross	Politician110451263	0.6634136438369751
VOA_EN_NW_2017_03_10_3760351_0:65-86	Department of Commerce	Agency108337324	0.7559736371040344
VOA_EN_NW_2017_03_10_3760351_0:91-105	Washington , D . C	Region108630985	0.9760392904281616
VOA_EN_NW_2017_02_16_3727822_0:0-2	U . S	Intelligence108339454	0.17990213632583618
VOA_EN_NW_2017_02_16_3727822_0:18-24	Defense	Agency108337324	0.4456184506416321
VOA_EN_NW_2017_02_16_3727822_0:26-35	Jim Mattis	Serviceman110582746	0.4176720082759857
VOA_EN_NW_2017_02_16_3727822_0:73-76	NATO	WorldOrganization108294696	0.9415541291236877
VOA_EN_NW_2017_02_16_3727822_0:94-101	Brussels	Region108630985	0.9900126457214355
VOA_EN_NW_2017_03_28_3785249_1:75-81	Yaounde	Region108630985	0.9885250926017761
VOA_EN_NW_2017_03_28_3785249_1:84-91	Cameroon	Region108630985	0.9859134554862976
VOA_EN_NW_2017_06_16_3903412_0:14-19	German	Country108544813	0.9808712601661682
VOA_EN_NW_2017_06_16_3903412_0:32-42	Helmut Kohl	Serviceman110582746	0.5052527785301208
VOA_EN_NW_2017_06_16_3903412_0:60-73	Lake Tegernsee	Region108630985	0.9033747911453247
VOA_EN_NW_2017_06_16_3903412_0:78-88	Bad Wiessee	Region108630985	0.9818103313446045
VOA_EN_NW_2017_06_16_3903412_0:100-106	Germany	Region108630985	0.9826486110687256
VOA_EN_NW_2017_03_12_3761985_1:0-10	White House	Building102913152	0.9862203598022461
VOA_EN_NW_2017_03_12_3761985_1:35-56	Sarah Huckabee Sanders	Politician110451263	0.6581501960754395
VOA_EN_NW_2017_03_12_3761985_1:85-95	White House	Building102913152	0.987647294998169
VOA_EN_NW_2017_03_12_3761985_1:100-109	Washington	Region108630985	0.9854961037635803
VOA_EN_NW_2017_05_25_3870543_1:82-88	Jakarta	Region108630985	0.9923359751701355
VOA_EN_NW_2017_05_25_3870543_1:91-99	Indonesia	Country108544813	0.9883721470832825
VOA_EN_NW_2017_05_25_3870543_1:116-124	Indonesia	Country108544813	0.9111871719360352
VOA_EN_NW_2017_05_25_3870543_1:138-157	Joko " Jokowi " Widodo	Minister110320863	0.6089617013931274
VOA_EN_NW_2017_06_14_3899965_0:81-94	Quetzaltenango	Region108630985	0.984620213508606
VOA_EN_NW_2017_06_14_3899965_0:97-105	Guatemala	Region108630985	0.9890856146812439
VOA_EN_NW_2017_01_06_3666451_1:0-12	Marine Le Pen	Party108256968	0.10868316143751144
VOA_EN_NW_2017_01_06_3666451_1:21-40	National Front party	Party108256968	0.9765466451644897
VOA_EN_NW_2017_01_06_3666451_1:78-83	French	Country108544813	0.9273058176040649
VOA_EN_NW_2017_06_22_3911111_1:80-92	Riyan Airport	Airport102692232	0.9965243935585022
VOA_EN_NW_2017_06_22_3911111_1:101-106	Yemeni	Region108630985	0.9805012941360474
VOA_EN_NW_2017_06_22_3911111_1:116-122	Mukalla	Region108630985	0.9842380881309509
VOA_EN_NW_2017_03_02_3746604_0:7-14	Egyptian	Region108630985	0.9107940196990967
VOA_EN_NW_2017_03_02_3746604_0:26-38	Hosni Mubarak	Minister110320863	0.7135767340660095
VOA_EN_NW_2017_03_02_3746604_0:106-110	Cairo	Region108630985	0.9923391342163086
VOA_EN_NW_2017_03_21_3775203_0:168-173	Google	Enterprise108056231	0.6437894701957703
VOA_EN_NW_2017_06_16_3903412_5:44-49	German	Country108544813	0.9857650399208069
VOA_EN_NW_2017_06_16_3903412_5:62-72	Helmut Kohl	Minister110320863	0.6770830750465393
VOA_EN_NW_2017_06_16_3903412_5:77-86	Oggersheim	Region108630985	0.9872845411300659
VOA_EN_NW_2017_06_16_3903412_5:89-95	Germany	Region108630985	0.9836070537567139
VOA_EN_NW_2017_03_12_3761985_0:0-10	White House	Building102913152	0.9717570543289185
VOA_EN_NW_2017_03_12_3761985_0:35-56	Sarah Huckabee Sanders	Politician110451263	0.6918533444404602
VOA_EN_NW_2017_03_12_3761985_0:81-91	White House	Building102913152	0.9814087748527527
VOA_EN_NW_2017_03_12_3761985_0:96-105	Washington	Region108630985	0.9860646724700928
VOA_EN_NW_2017_06_10_3894870_0:11-35	Trump International Hotel	Structure104341686	0.9547921419143677
VOA_EN_NW_2017_06_10_3894870_0:45-64	Pennsylvania Ave . NW	Way104564698	0.8425499200820923
VOA_EN_NW_2017_06_10_3894870_0:70-79	Washington	Region108630985	0.9769355058670044
VOA_EN_NW_2017_05_22_3864914_2:7-18	Pope Francis	Serviceman110582746	0.32776138186454773
VOA_EN_NW_2017_05_22_3864914_2:65-70	Mexico	Region108630985	0.9522255063056946
VOA_EN_NW_2017_05_22_3864914_2:75-79	Italy	Region108630985	0.96305912733078
VOA_EN_NW_2017_03_28_3785004_0:0-8	Eric Bibb	Politician110451263	0.2625609338283539
VOA_EN_NW_2017_03_28_3785004_0:19-21	U . S	Region108630985	0.24795250594615936
VOA_EN_NW_2017_03_28_3785004_0:40-51	Flux theater	Structure104341686	0.8008663654327393
VOA_EN_NW_2017_03_28_3785004_0:56-62	Zaandam	Region108630985	0.99265056848526
VOA_EN_NW_2017_03_28_3785004_0:65-75	Netherlands	Region108630985	0.9878289699554443
VOA_EN_NW_2017_06_17_3904403_2:14-21	Ivo Pold	WheeledVehicle104576211	0.7880570292472839
VOA_EN_NW_2017_06_17_3904403_2:57-63	Tallinn	Region108630985	0.9978485107421875
VOA_EN_NW_2017_06_17_3904403_2:66-72	Estonia	Region108630985	0.9909798502922058
VOA_EN_NW_2017_03_31_3791397_0:30-36	Serbian	Region108630985	0.9709333777427673
VOA_EN_NW_2017_03_31_3791397_0:53-68	Aleksandar Vucic	Minister110320863	0.9710630774497986
VOA_EN_NW_2017_03_31_3791397_0:73-80	Novi Sad	Region108630985	0.9811460971832275
VOA_EN_NW_2017_03_31_3791397_0:83-88	Serbia	Region108630985	0.9848300218582153
VOA_EN_NW_2017_03_27_3783363_1:7-12	Russia	Country108544813	0.9889426231384277
VOA_EN_NW_2017_03_27_3783363_1:34-36	U . S	Intelligence108339454	0.25012388825416565
VOA_EN_NW_2017_03_27_3783363_1:39-52	Sergey Kislyak	Serviceman110582746	0.40344178676605225
VOA_EN_NW_2017_03_27_3783363_1:80-89	Washington	Region108630985	0.9721288681030273
VOA_EN_NW_2017_06_19_3907026_1:7-18	Joint Chiefs	MilitaryUnit108198398	0.23671473562717438
VOA_EN_NW_2017_06_19_3907026_1:34-47	Joseph Dunford	Serviceman110582746	0.6955606937408447
VOA_EN_NW_2017_06_19_3907026_1:60-71	Capitol Hill	Structure104341686	0.4971577227115631
VOA_EN_NW_2017_06_19_3907026_1:76-85	Washington	Region108630985	0.9860675930976868
VOA_EN_NW_2017_03_30_3789319_0:58-63	Lowe ' s	Structure104341686	0.6995469927787781
VOA_EN_NW_2017_03_30_3789319_0:74-80	Atlanta	Region108630985	0.9598425030708313
VOA_EN_NW_2017_06_17_3904403_1:0-5	Taxify	Enterprise108056231	0.8350837230682373
VOA_EN_NW_2017_06_17_3904403_1:11-23	Markus Villig	Scientist110560637	0.4148003160953522
VOA_EN_NW_2017_06_17_3904403_1:85-98	Eastern Europe	Region108630039	0.7135854959487915
VOA_EN_NW_2017_06_17_3904403_1:104-109	Africa	Continent109254614	0.9815499782562256
VOA_EN_NW_2017_06_14_3900062_0:11-15	Flint	Structure104341686	0.5837383270263672
VOA_EN_NW_2017_06_14_3900062_0:18-21	Mich	Structure104341686	0.6464548110961914
VOA_EN_NW_2017_04_11_3805653_1:0-24	Bolivarian National Guard	MilitaryUnit108198398	0.8141148686408997
VOA_EN_NW_2017_04_11_3805653_1:85-91	Caracas	Region108630985	0.9945646524429321
VOA_EN_NW_2017_04_11_3805653_1:94-102	Venezuela	Region108630985	0.9897971153259277
VOA_EN_NW_2017_06_17_3904403_1:161-167	Tallinn	Region108630985	0.9973270893096924
VOA_EN_NW_2017_06_17_3904403_1:170-176	Estonia	Region108630985	0.9926102757453918
VOA_EN_NW_2017_03_28_3785249_0:32-50	Ministry of Finance	Agency108337324	0.7103677988052368
VOA_EN_NW_2017_03_28_3785249_0:55-61	Yaounde	Region108630985	0.9928406476974487
VOA_EN_NW_2017_03_28_3785249_0:64-71	Cameroon	Region108630985	0.9855989217758179
VOA_EN_NW_2017_02_16_3727822_0:138-140	U . S	Intelligence108339454	0.32200756669044495
VOA_EN_NW_2017_02_16_3727822_0:143-149	Russian	Country108544813	0.9726867079734802
VOA_EN_NW_2017_02_16_3727822_0:173-178	Mattis	Serviceman110582746	0.5278659462928772
VOA_EN_NW_2017_05_25_3870543_2:135-144	Indonesian	Region108630985	0.9460715055465698
VOA_EN_NW_2017_05_26_3872089_0:7-17	South Korea	Region108630985	0.9649599194526672
VOA_EN_NW_2017_05_26_3872089_0:44-54	Moon Jae - in	Politician110451263	0.8539020419120789
VOA_EN_NW_2017_05_26_3872089_0:59-63	Seoul	Region108630985	0.9936385750770569
VOA_EN_NW_2017_05_26_3872089_0:66-76	South Korea	Country108544813	0.9838063716888428
VOA_EN_NW_2017_03_28_3785704_0:166-171	Salman	Minister110320863	0.15839095413684845
VOA_EN_NW_2017_03_28_3785704_0:179-184	Jordan	Region108630985	0.9612294435501099
VOA_EN_NW_2017_03_28_3785704_0:207-210	Arab	Region108630985	0.9121072888374329
VOA_EN_NW_2017_01_06_3666451_2:0-12	Marine Le Pen	Alliance108293982	0.23770900070667267
VOA_EN_NW_2017_01_06_3666451_2:29-42	European Union	Alliance108293982	0.9996961355209351
VOA_EN_NW_2017_01_06_3666451_2:73-79	Ukraine	Country108544813	0.9938730001449585
VOA_EN_NW_2017_01_06_3666451_2:93-98	Russia	Country108544813	0.9955698847770691
VOA_EN_NW_2017_03_28_3785249_2:35-41	Yaounde	Region108630985	0.990040123462677
VOA_EN_NW_2017_03_28_3785249_2:44-51	Cameroon	Region108630985	0.9828117489814758
VOA_EN_NW_2017_03_12_3761985_2:0-13	Sarah Huckabee	Politician110451263	0.9563296437263489
VOA_EN_NW_2017_03_12_3761985_2:32-41	Republican	Party108256968	0.9796636700630188
VOA_EN_NW_2017_03_12_3761985_2:72-79	Arkansas	Region108630985	0.872202455997467
VOA_EN_NW_2017_03_28_3785704_1:169-174	Bashir	Minister110320863	0.4255966246128082
VOA_EN_NW_2017_03_28_3785704_1:188-191	Arab	Region108630985	0.8134866952896118
VOA_EN_NW_2017_03_28_3785249_2:78-96	Moki Edwin Kindzeka	Journalist110224578	0.3020697236061096
VOA_EN_NW_2017_03_28_3785249_2:102-104	VOA	BroadcastingCompany108002015	0.5969120264053345
VOA_EN_NW_2017_04_25_3824480_0:21-24	U . S .	Region108630985	0.41152745485305786
VOA_EN_NW_2017_06_14_3899965_1:0-8	Guatemala	Region108630985	0.9549880027770996
VOA_EN_NW_2017_05_06_3840818_0:175-182	Sherchan	Mayor110303814	0.10958492755889893
VOA_EN_NW_2017_01_06_3666451_0:291-299	L . Bryant	Enterprise108056231	0.19326286017894745
VOA_EN_NW_2017_01_06_3666451_1:128-136	L . Bryant	Enterprise108056231	0.19326286017894745
VOA_EN_NW_2017_01_06_3666451_2:102-110	L . Bryant	Enterprise108056231	0.19326286017894745
VOA_EN_NW_2017_04_03_3794587_0:165-188	Presidencia de Venezuela	Region108630985	0.5190728306770325
VOA_EN_NW_2017_05_17_3854258_1:153-164	Diaa Bekheet	Animal100015388	0.32376542687416077
VOA_EN_NW_2017_01_15_3677179_1:0-12	Barada Valley	Region108630985	0.9439268708229065
VOA_EN_NW_2017_01_15_3677179_1:15-19	Syria	Region108630985	0.9337196946144104
VOA_EN_NW_2017_04_27_3828000_0:67-74	Red Bull	Structure104341686	0.21260298788547516
VOA_EN_NW_2017_04_27_3828000_0:84-100	Chaleo Yoovidhaya	Region108630985	0.18413305282592773
VOA_EN_NW_2017_04_27_3828000_0:105-111	Bangkok	Region108630985	0.9867892861366272
VOA_EN_NW_2017_04_27_3828000_0:157-164	Red Bull	GeographicalArea108574314	0.1665073186159134
VOA_EN_NW_2017_04_27_3828000_0:197-204	Thailand	Region108630985	0.9766678810119629
VOA_EN_NW_2017_02_16_3727822_1:16-18	U . S	MilitaryUnit108198398	0.5026914477348328
VOA_EN_NW_2017_02_16_3727822_1:21-41	Joint Chiefs of Staff	MilitaryUnit108198398	0.6353063583374023
VOA_EN_NW_2017_02_16_3727822_1:48-61	Joseph Dunford	Serviceman110582746	0.9293611645698547
VOA_EN_NW_2017_02_16_3727822_1:74-77	Army	MilitaryUnit108198398	0.9909688830375671
VOA_EN_NW_2017_02_16_3727822_1:84-100	Valeriy Gerasimov	Serviceman110582746	0.8681398630142212
VOA_EN_NW_2017_02_16_3727822_1:103-108	Russia	Region108630985	0.9885104298591614
VOA_EN_NW_2017_02_16_3727822_1:125-157	General Staff of the Armed Forces	MilitaryUnit108198398	0.6896237730979919
VOA_EN_NW_2017_02_16_3727822_1:200-203	Baku	Region108630985	0.9951606392860413
VOA_EN_NW_2017_02_16_3727822_1:206-215	Azerbaijan	Region108630985	0.9915197491645813
VOA_EN_NW_2017_02_25_3739831_0:34-38	Iraqi	Country108544813	0.9374884366989136
VOA_EN_NW_2017_02_25_3739831_0:98-102	Iraqi	Country108544813	0.9448961019515991
VOA_EN_NW_2017_02_25_3739831_0:119-133	Haider al - Abadi	Minister110320863	0.97273850440979
VOA_EN_NW_2017_02_25_3739831_0:136-136	R	Minister110320863	0.8067045211791992
VOA_EN_NW_2017_02_25_3739831_0:152-156	Saudi	Country108544813	0.9934386610984802
VOA_EN_NW_2017_02_25_3739831_0:175-188	Adel al - Jubeir	Minister110320863	0.9751976132392883
VOA_EN_NW_2017_02_25_3739831_0:193-199	Baghdad	Region108630985	0.9799092411994934
VOA_EN_NW_2017_04_27_3828000_1:7-31	Vorayuth " Boss " Yoovidhya	Policeman110448983	0.1585148721933365
VOA_EN_NW_2017_04_27_3828000_1:92-99	Red Bull	Enterprise108056231	0.19265875220298767
VOA_EN_NW_2017_04_27_3828000_1:127-133	Bangkok	Region108630985	0.9922726154327393
VOA_EN_NW_2017_04_27_3828000_1:136-143	Thailand	Region108630985	0.9914757013320923
VOA_EN_NW_2017_03_28_3785704_2:0-2	U . N	Politician110451263	0.18418726325035095
VOA_EN_NW_2017_03_28_3785704_2:23-38	Antonio Guterres	Politician110451263	0.606302797794342
VOA_EN_NW_2017_03_28_3785704_2:78-80	U . N	Region108630985	0.5885043144226074
VOA_EN_NW_2017_03_28_3785704_2:87-93	Zaatari	Region108630985	0.5188522338867188
VOA_EN_NW_2017_03_28_3785704_2:104-109	Syrian	Region108630985	0.9692404270172119
VOA_EN_NW_2017_03_28_3785704_2:133-138	Jordan	Region108630985	0.9601895809173584
VOA_EN_NW_2017_03_27_3783363_2:0-2	FBI	Intelligence108339454	0.9764881134033203
VOA_EN_NW_2017_03_27_3783363_2:13-23	James Comey	Serviceman110582746	0.506080687046051
VOA_EN_NW_2017_03_27_3783363_2:46-73	House Intelligence Committee	Intelligence108339454	0.8676300048828125
VOA_EN_NW_2017_03_27_3783363_2:96-102	Russian	Country108544813	0.9810605049133301
VOA_EN_NW_2017_03_27_3783363_2:125-128	U . S .	Legislature108163273	0.14808756113052368
VOA_EN_NW_2017_03_27_3783363_2:143-154	Capitol Hill	GovernmentBuilding103449564	0.6124317049980164
VOA_EN_NW_2017_03_27_3783363_2:159-168	Washington	Region108630985	0.9821583032608032
VOA_EN_NW_2017_06_16_3903412_2:7-17	Helmut Kohl	Minister110320863	0.5737563967704773
VOA_EN_NW_2017_06_16_3903412_2:20-20	R	Party108256968	0.7678919434547424
VOA_EN_NW_2017_06_16_3903412_2:55-60	French	Country108544813	0.9774447679519653
VOA_EN_NW_2017_06_16_3903412_2:72-90	Francois Mitterrand	Politician110451263	0.8238003253936768
VOA_EN_NW_2017_06_16_3903412_2:93-93	L	Party108256968	0.40383803844451904
VOA_EN_NW_2017_06_16_3903412_2:146-151	Verdun	Region108630985	0.8588159680366516
VOA_EN_NW_2017_06_14_3900062_2:24-34	Brian Jones	Serviceman110582746	0.16383415460586548
VOA_EN_NW_2017_06_14_3900062_2:62-76	Grayling Stefek	GeographicalArea108574314	0.3571254312992096
VOA_EN_NW_2017_06_14_3900062_2:89-116	Eisenhower Elementary School	Structure104341686	0.7619738578796387
VOA_EN_NW_2017_06_14_3900062_2:122-126	Flint	Region108630985	0.9702607989311218
VOA_EN_NW_2017_06_14_3900062_2:129-132	Mich	Region108630985	0.9133221507072449
VOA_EN_NW_2017_05_22_3864914_4:10-21	Donald Trump	Politician110451263	0.8227958083152771
VOA_EN_NW_2017_05_22_3864914_4:48-68	Arab Islamic American	Region108630985	0.8428700566291809
VOA_EN_NW_2017_05_22_3864914_4:85-116	King Abdulaziz Conference Center	Structure104341686	0.7454081177711487
VOA_EN_NW_2017_05_22_3864914_4:136-141	Riyadh	Region108630985	0.9945488572120667
VOA_EN_NW_2017_05_22_3864914_4:144-155	Saudi Arabia	Region108630985	0.9952309727668762
VOA_EN_NW_2017_06_16_3903412_1:7-17	Helmut Kohl	Politician110451263	0.5660154223442078
VOA_EN_NW_2017_06_16_3903412_1:109-119	West German	Region108630985	0.8301829099655151
VOA_EN_NW_2017_06_14_3900403_1:7-12	Zambia	Region108630985	0.9473273158073425
VOA_EN_NW_2017_06_14_3900403_1:26-43	Edgar Chagwa Lungu	Politician110451263	0.6615574359893799
VOA_EN_NW_2017_06_14_3900403_1:59-89	United Nations General Assembly	Legislature108163273	0.40611860156059265
VOA_EN_NW_2017_06_14_3900403_1:98-106	Manhattan	Region108630985	0.9689268469810486
VOA_EN_NW_2017_06_14_3900403_1:119-126	New York	Region108630985	0.9943146109580994
VOA_EN_NW_2017_05_25_3870543_0:7-16	Indonesian	Country108544813	0.9791974425315857
VOA_EN_NW_2017_05_25_3870543_0:63-72	Indonesian	Region108630985	0.975508451461792
VOA_EN_NW_2017_05_25_3870543_0:84-94	Joko Widodo	Minister110320863	0.7329166531562805
VOA_EN_NW_2017_05_25_3870543_0:114-120	Jakarta	Region108630985	0.9905153512954712
VOA_EN_NW_2017_05_25_3870543_0:123-131	Indonesia	Country108544813	0.9897018671035767
VOA_EN_NW_2017_01_25_3691253_0:39-60	Ndirande Health Center	Structure104341686	0.8011030554771423
VOA_EN_NW_2017_01_25_3691253_0:101-109	Chipatala	Structure104341686	0.125127911567688
VOA_EN_NW_2017_01_25_3691253_0:137-142	Malawi	Region108630985	0.9914913773536682
VOA_EN_NW_2017_06_29_3921750_1:0-6	Germany	Country108544813	0.9549160599708557
VOA_EN_NW_2017_06_29_3921750_1:35-47	Martin Schulz	Journalist110224578	0.4404104948043823
VOA_EN_NW_2017_06_29_3921750_1:97-102	Berlin	Region108630985	0.9978031516075134
VOA_EN_NW_2017_06_29_3921750_1:105-111	Germany	Region108630985	0.9843050837516785
VOA_EN_NW_2017_04_17_3814268_2:70-77	Istanbul	Region108630985	0.9957365989685059
VOA_EN_NW_2017_05_17_3854258_0:4-11	Egyptian	Region108630985	0.9807859063148499
VOA_EN_NW_2017_05_17_3854258_0:47-51	Cairo	Region108630985	0.9944236874580383
VOA_EN_NW_2017_06_17_3904403_0:2-7	Taxify	WheeledVehicle104576211	0.8986014127731323
VOA_EN_NW_2017_06_17_3904403_0:34-40	Tallinn	Region108630985	0.9979877471923828
VOA_EN_NW_2017_06_17_3904403_0:43-49	Estonia	Region108630985	0.99156254529953
VOA_EN_NW_2017_03_28_3785704_2:157-164	Guterres	Politician110451263	0.17691494524478912
VOA_EN_NW_2017_03_28_3785704_2:189-192	Arab	Region108630985	0.9631836414337158
VOA_EN_NW_2017_03_28_3785704_2:204-209	Jordan	Region108630985	0.9741213321685791
VOA_EN_NW_2017_06_17_3904403_0:71-77	Estonia	Country108544813	0.8122547268867493
VOA_EN_NW_2017_06_17_3904403_0:129-132	Uber	Enterprise108056231	0.423208087682724
VOA_EN_NW_2017_02_16_3727822_1:242-245	U . S .	Intelligence108339454	0.6787286400794983
VOA_EN_NW_2017_02_16_3727822_1:247-267	Department of Defense	Agency108337324	0.9224470257759094
